ax,ay,az,gx,gy,gz
-327,2986,323,277,339
-102,-231,2889,187,314,185
-104,-7,2848,224,301,-48
0,-112,2903,367,371,25
126,-140,2896,444,375,105
338,-119,2764,580,128,181
180,177,2656,684,-166,245
51,367,2579,903,-265,256
-218,483,3095,1424,-181,360
-144,14,3674,1452,-139,215
87,-452,4182,1186,-204,126
-23,-539,4287,630,-616,9
-50,-342,3995,396,-758,23
-216,8,3826,387,-540,218
-239,341,3919,890,-127,452
-312,402,4189,1138,165,844
-339,844,4371,1410,272,1082
-379,844,4498,1512,39,1056
-152,713,4755,1365,-129,754
57,477,4736,1061,-560,344
67,293,4933,575,-1237,-448
-204,434,5289,264,-1693,-858
-371,480,5220,129,-1826,-1211
-200,273,5328,452,-1286,-1137
-253,-134,5933,1075,-106,-452
-191,-472,6171,1244,379,-476
-36,-786,6389,989,527,-573
-103,-677,6338,204,48,-691
4,-515,6158,-108,-278,-733
-83,-476,6210,-180,-431,-613
-217,-459,6413,-181,-349,-607
-252,-673,6527,-274,-17,-644
-142,-660,6120,-512,247,-666
211,-694,5454,-632,686,-465
203,-527,5053,-728,842,-189
88,-273,4788,-740,859,77
48,-129,4490,-361,786,254
39,-261,4518,-252,782,363
-100,-57,4513,-447,790,391
-178,-38,4476,-644,661,252
-344,98,4359,-781,881,209
-279,51,4190,-894,996,250
-158,127,4001,-914,1056,395
-71,261,3721,-938,972,462
-102,400,3557,-854,911,487
-69,360,3543,-687,855,478
-53,33,3862,-524,719,527
-131,-84,4037,-657,639,515
-144,-71,3990,-824,392,507
-384,120,3705,-981,213,531
-487,252,3471,-940,187,484
-451,250,3311,-758,369,526
-308,106,3161,-538,548,504
-286,172,3016,-504,390,370
-214,127,2922,-470,197,220
-110,28,2938,-515,-27,112
37,-13,2830,-570,-196,88
62,85,2537,-567,-258,59
36,203,2224,-314,-78,182
-104,260,2098,-2,171,351
-98,106,2223,269,396,444
-23,124,2205,387,330,430
-16,297,2153,515,2,229
62,402,2164,661,-171,98
18,369,2317,826,-107,28
19,259,2713,886,-178,-19
-53,199,2950,820,-310,-28
-236,210,3243,736,-420,-106
-433,185,3485,690,-555,-259
-370,117,3416,716,-689,-306
-164,172,3344,804,-476,-181
115,129,3249,1116,-456,206
146,110,3363,1261,-494,424
36,97,3520,1270,-672,497
138,94,3683,1189,-688,678
-29,11,4162,1147,-540,913
-294,213,4500,955,-880,967
-478,283,4806,837,-923,654
-435,243,5077,560,-1119,223
-274,301,4973,296,-1182,5
-112,447,4838,245,-1108,-85
364,284,4928,563,-1236,-64
276,186,5160,718,-1220,54
173,248,5314,613,-1321,112
-92,740,5172,430,-1090,132
-7,598,5277,642,-799,183
149,589,5279,790,-579,241
172,665,5174,842,-210,102
283,598,5192,947,-279,-86
291,441,5333,1012,-415,-154
87,222,5768,749,-725,-207
-875,-194,6089,-2730,-240,-784
-558,119,5517,-2037,-53,-1196
-749,567,5030,360,-194,-1049
-62,373,5256,1031,69,-1078
-92,100,5129,1033,358,-643
-269,270,5131,332,321,-711
151,56,5096,217,320,-873
279,-262,5456,116,261,-909
217,-306,5564,-86,115,-1065
100,-288,5529,-260,202,-1196
137,-283,5654,-209,489,-1135
189,-367,5563,-225,705,-943
171,-252,5197,-422,972,-750
161,-207,4937,-476,1119,-661
1,-56,4694,-486,1207,-534
7,7,4367,-588,1167,-358
47,69,4219,-531,1290,-212
163,-13,4161,-393,1164,-85
107,4,4085,-250,906,62
95,-43,4138,-262,750,118
-92,-22,4182,-349,652,114
-209,115,4105,-552,469,-150
-178,93,4066,-593,490,-221
-91,-26,4075,-564,599,-139
-143,-81,4092,-593,624,76
-225,1,4133,-649,482,80
-267,-62,4113,-651,395,48
-227,-115,4145,-644,350,12
-199,-169,4081,-643,422,42
-425,23,3967,-579,528,90
-488,137,3875,-430,516,85
-527,-114,4398,-131,601,186
-425,-323,4883,-274,638,238
-318,-376,5029,-511,718,193
-320,-220,4761,-838,574,20
-235,-104,4475,-980,429,-118
-223,6,4225,-1008,464,-86
-208,88,4014,-944,550,-198
-169,83,3837,-911,490,-173
-123,105,3671,-808,602,-11
45,48,3409,-794,584,65
29,166,3162,-746,439,269
19,202,2980,-566,335,524
-8,145,2993,-320,232,749
-168,162,3013,-286,239,843
-307,281,2924,-301,289,959
-294,288,2782,-237,461,1022
-264,321,2577,-175,517,993
-287,397,2467,-153,436,943
-302,408,2421,-102,285,866
-239,260,2475,15,26,776
-373,392,2492,63,-135,802
-466,404,2373,191,-169,827
-578,518,2646,809,-70,714
-380,188,2748,544,-204,321
-511,237,2906,564,-295,375
-516,192,3061,570,-484,167
-533,248,3080,536,-481,231
-508,379,3140,573,-452,245
-368,392,3272,719,-600,96
-351,355,3445,783,-632,84
-361,334,3620,843,-560,125
-405,333,3762,960,-348,215
-316,198,4066,974,-339,229
-435,172,4180,823,-531,188
-517,263,4262,528,-722,-55
-600,339,4307,422,-808,-198
-593,428,4245,346,-786,-256
-528,548,4061,372,-679,-160
-527,662,3914,662,-547,109
-616,671,4025,851,-508,175
-671,497,4267,968,-444,91
-697,382,4580,851,-393,-43
-612,294,4628,713,-412,-207
-556,271,4630,568,-345,-334
-481,473,4470,353,-260,-540
-352,666,4180,343,-183,-549
-318,566,4064,502,-56,-379
-310,720,4087,697,-346,-195
-398,703,4145,748,-452,-140
-502,810,4116,723,-581,-180
-430,595,4239,602,-834,-343
-430,432,4449,410,-948,-520
-434,332,4759,113,-896,-733
-500,266,4739,-464,-944,-1197
-270,428,4538,-761,-775,-1323
-179,549,4376,-799,-553,-1245
22,583,4205,-496,-326,-886
75,571,4086,-236,-146,-589
36,599,4087,-71,-46,-319
-87,553,4202,-22,-162,-207
47,364,4417,-171,-441,-252
107,208,4647,-258,-522,-360
126,199,4691,-326,-497,-596
181,275,4384,-411,-592,-773
327,374,4174,-447,-705,-737
464,540,3907,-377,-680,-580
589,794,3783,-6,-390,-174
772,777,3886,382,-234,189
763,696,3975,756,-116,490
516,556,4166,910,-45,625
149,543,4250,840,205,720
-54,535,4444,748,436,732
45,458,4502,555,402,618
197,522,4367,309,198,374
315,707,4041,97,-112,143
422,808,3754,89,-351,-54
858,-1034,8901,193,-673,-122
-466,-495,4916,-6469,-3585,-1740
-685,188,7419,-6586,-734,-1714
-866,96,4270,-112,5,-1729
-1030,-151,4169,-12,-6,-2615
300,239,4178,2,-9,-2695
644,175,4150,-6,-10,-1186
451,159,4134,12,26,-594
593,101,4166,6,18,-259
202,-161,4155,13,25,251
359,-470,4198,23,33,1066
270,-145,4827,-80,276,2488
-399,-342,7501,-323,1420,2687
-591,-864,6768,-656,-224,877
-793,-260,5820,-1085,-289,-338
-475,-97,5034,-741,-145,-1355
47,-524,4488,-350,49,-1334
76,-374,4256,-220,-55,-1011
175,-257,3974,-262,-118,-699
518,-270,3657,-47,-11,-444
679,-253,3654,233,125,-108
474,-314,3907,428,31,145
227,-423,4424,540,35,267
29,-547,4785,445,115,343
-113,-579,4866,133,-107,192
315,-300,4459,-372,-452,-115
434,-213,4231,-413,-476,-79
403,-227,4114,-248,-251,140
454,-249,4140,224,76,534
497,-253,4171,382,272,768
248,-321,4359,395,307,881
-48,-428,4642,66,378,684
-176,-263,4576,-150,474,470
-91,-264,4410,-281,522,190
248,-323,4222,-340,289,-55
254,-158,3913,-455,314,81
297,-60,3884,-356,131,179
334,-136,3983,-122,-70,409
123,15,4042,-112,61,627
80,-86,4150,-6,335,733
16,-182,4301,101,637,788
-107,-163,4230,80,731,742
-215,-262,4402,8,712,677
-170,-362,4452,-246,430,297
1,-409,4611,-767,74,-177
71,-231,4421,-1059,-202,-390
150,-152,4241,-1143,-218,-421
166,-152,3968,-927,165,-107
250,-257,3956,-753,302,161
288,-214,3820,-687,162,331
36,-74,3573,-603,-11,358
-16,-231,3740,-497,183,455
-44,-349,3954,-457,268,475
-84,-277,3758,-554,82,295
74,-216,3605,-544,-180,162
216,-240,3504,-501,-330,174
246,-266,3521,-495,-533,219
240,-157,3400,-527,-569,142
341,-145,3354,-495,-511,109
383,-185,3426,-436,-125,394
148,-45,3303,-359,235,579
173,34,3237,-162,601,710
221,70,3259,-8,670,684
191,216,3163,20,387,503
102,301,3049,66,178,382
-24,346,2933,165,25,340
-31,68,3276,427,-128,300
-145,-99,3555,367,-259,219
-184,-292,3936,143,-156,136
-273,-68,3745,-204,-86,-12
22,-25,3369,-202,-11,-17
212,49,3152,-46,293,162
179,366,2721,251,460,461
118,368,2712,515,449,595
-13,338,2909,711,324,663
-119,252,3178,753,-25,483
-191,5,3721,665,-111,272
-269,-135,4186,431,-190,159
-457,-145,4319,69,-196,63
-510,-21,4008,-53,-35,-113
-356,129,3712,-101,167,-215
-150,301,3407,-10,275,-167
88,474,3070,610,337,161
257,401,3143,1088,368,505
142,213,3333,1357,237,780
3,174,3717,1244,-170,784
-208,3,4030,1116,-452,641
-389,-31,4237,873,-590,391
-361,46,4164,501,-539,150
-302,90,4045,396,-389,153
-324,321,3974,278,-419,168
-314,459,3830,219,-416,156
-141,433,3837,345,-150,171
-53,375,3837,315,-316,187
41,259,3705,-53,-1010,411
-97,165,3746,-365,-1301,804
-117,83,4276,-735,-1552,1100
32,-61,4779,-1202,-1233,1474
68,-34,4890,-1268,-1045,1459
293,66,4584,-1043,-971,1193
215,189,4231,-613,-629,833
414,271,4198,197,-355,282
269,70,4392,658,-291,73
45,87,4688,959,-217,-106
-4,-11,5245,979,-171,-390
2,-182,5263,843,-92,-572
243,-173,5160,775,-90,-745
399,-177,5183,696,-148,-937
655,-152,5275,425,-396,-985
640,52,5218,348,-622,-708
338,372,5376,683,-387,-186
302,-115,5676,910,-188,-1
113,-305,5904,897,34,96
-42,-345,6077,576,346,-276
-44,-685,6179,244,219,-755
41,-753,5956,-154,102,-1051
206,-541,5715,-534,133,-1133
302,-479,5228,-611,336,-1051
376,-388,5012,-636,620,-887
373,-306,4815,-613,729,-779
650,-431,4562,-388,774,-646
570,-407,4521,-223,624,-324
479,-319,4504,-105,520,-106
435,-402,4552,-2,513,-16
249,-271,4435,9,423,27
104,-188,4379,133,497,-103
-10,-155,4452,168,702,-397
-180,-91,4403,194,611,-543
-218,-42,4300,118,549,-504
-110,61,4128,78,776,-164
-5,-20,4022,158,693,-108
175,5,3955,75,510,-171
184,28,3925,-231,191,-245
188,94,3835,-352,-7,-249
33,167,3783,-335,105,-174
-59,169,3884,-192,246,-71
-319,-84,4196,-108,157,-48
-336,-259,4428,-126,-124,-179
-314,-190,4456,-291,-213,-324
-96,-144,4186,-199,-60,-381
81,-171,4142,-26,99,-231
101,-125,4062,-57,58,-107
166,-224,4056,-279,-227,-292
143,-4,3959,-491,-475,-340
240,-34,4095,-530,-469,-260
133,-251,4487,-496,-414,-16
-78,-317,4565,-561,-201,16
-109,-235,4611,-597,108,19
-70,-196,4284,-683,73,-125
-11,-151,4018,-701,-49,-245
110,4,3661,-716,-44,-250
194,15,3575,-659,105,-82
39,183,3213,-528,147,60
-53,-77,3196,-307,287,174
125,-277,3566,-222,425,165
-10,-385,3699,-434,217,32
77,-327,3498,-586,122,-5
73,-115,3223,-651,90,89
10,209,2622,-512,157,251
-81,235,2571,-221,298,414
-76,310,2552,57,238,517
-127,114,2871,401,161,528
-115,7,3210,434,51,530
-1,-75,3462,346,-82,524
-51,-10,3440,173,-397,375
-315,219,3346,75,-545,300
-513,330,3384,163,-470,270
-596,278,3680,399,-131,118
-402,99,3860,542,12,66
-144,117,3827,554,-41,-25
346,59,3669,593,-265,-277
665,-210,3593,540,-564,-391
705,-160,3447,512,-847,-383
546,-174,3617,730,-990,-128
335,-151,4001,861,-865,149
100,49,4158,954,-509,477
122,41,4258,1016,-278,623
213,148,4225,940,-305,570
133,230,4235,835,-340,477
76,197,4334,852,-345,333
158,189,4243,830,-435,225
217,214,4204,816,-565,171
331,120,4203,833,-741,95
323,-20,4409,619,-808,-20
269,-81,4598,359,-722,-108
308,-229,4728,118,-465,-109
480,-154,4595,-134,-239,3
411,70,4294,-224,-186,94
457,236,4003,-259,-216,151
613,123,3889,-163,-437,313
608,118,3988,-191,-607,440
510,121,4105,-300,-635,510
340,200,4218,-462,-503,476
256,221,4335,-504,-394,463
210,116,4471,-561,-123,488
281,108,4400,-745,-14,435
419,320,4147,-707,21,354
603,143,4138,-604,93,181
562,223,4275,-504,110,49
447,2,4292,-377,11,258
303,155,4300,-274,-25,53
232,107,4266,-222,-67,-90
518,-84,4259,-9,64,-484
406,22,4171,171,-47,-849
344,336,3937,-22,-136,-824
388,550,3815,128,4,-239
180,721,3664,255,115,138
186,673,3681,436,419,447
81,513,3857,558,545,805
222,613,3911,610,361,821
405,544,4181,719,501,952
478,470,4178,710,-289,730
789,685,4292,786,-537,468
879,677,4585,1014,-551,340
1628,-81,7339,-3208,5471,-392
-1713,-590,5372,-174,3153,-3265
-370,-1144,4229,-24,240,-4254
491,-328,4101,-67,14,-3437
840,15,4119,-61,30,-352
600,222,4252,148,54,883
565,74,4284,132,-221,1541
359,-435,5474,620,-1488,1677
-158,-644,5609,288,-1350,1133
-516,-298,5681,-20,-848,397
-284,-947,5542,-47,420,-181
63,-1041,5129,-110,649,-234
274,-651,4625,-23,565,-252
400,-608,4241,51,289,-579
655,-652,4093,-225,-31,-741
766,-476,3884,-456,-85,-502
647,-149,4065,-388,213,-14
513,-307,4287,-17,461,186
158,-445,4625,310,666,379
81,-595,4793,614,712,-163
17,-395,4816,677,656,-479
82,-335,4706,520,453,-536
173,-244,4606,382,324,-357
23,-21,4559,457,520,72
-131,-24,4576,725,814,260
-268,-55,4661,896,1002,265
-164,-189,4902,671,906,211
-124,-149,4819,319,519,145
-27,46,4659,141,200,46
64,369,4250,104,-47,-106
174,351,4126,208,-158,-146
182,257,4087,178,-161,-57
93,378,3898,-107,-29,214
-11,383,3982,-296,0,371
-49,162,4186,-457,97,510
31,197,4243,-695,-72,401
66,325,4090,-845,-77,268
54,432,3894,-847,-84,158
55,433,3735,-727,79,38
218,175,3839,-625,204,16
150,190,3775,-614,194,3
35,248,3563,-716,188,69
88,166,3526,-672,187,105
248,66,3642,-689,126,163
127,150,3578,-834,-71,254
-48,227,3501,-976,-49,344
-1,212,3481,-990,50,347
126,219,3387,-938,70,340
333,242,3158,-794,138,446
269,171,3095,-685,84,593
-40,282,3051,-657,25,629
3,178,3181,-594,-53,513
58,160,3129,-619,-263,315
-33,302,2846,-614,-365,131
21,176,2792,-342,-174,98
72,145,2904,-180,-59,227
158,179,3008,-99,-81,380
115,217,3131,-54,-236,523
32,285,3334,8,-305,421
79,126,3661,123,-413,171
-49,-12,3811,15,-532,-86
-123,-2,3701,-81,-387,-192
-202,-128,3632,-78,-148,-200
-312,-142,3541,-63,-43,-200
-194,-274,3525,-37,-20,-164
-126,-224,3494,-78,-222,-50
19,-94,3484,-54,-360,-22
247,67,3429,91,-270,139
357,106,3585,224,-179,338
257,-46,3857,275,-148,458
-48,8,4153,234,-195,335
-268,6,4236,104,-134,167
-243,-46,4282,-10,36,67
55,18,4346,-68,156,11
168,171,4225,-75,77,2
249,257,4125,17,28,14
377,269,4187,527,-88,92
291,317,4022,-349,-124,4
396,262,3846,-11,4,-127
452,400,3981,782,205,276
241,243,4419,656,207,516
32,284,4633,515,151,548
-92,275,4787,442,73,361
16,59,5002,322,-231,-113
123,43,4881,68,-649,-483
130,301,4619,-119,-1010,-704
214,494,4173,29,-542,-698
388,448,4132,379,-176,-403
418,358,4170,664,139,-132
473,367,4222,791,168,26
478,323,4215,803,203,124
509,272,4254,803,163,169
424,151,4332,598,-11,195
305,208,4270,424,-239,188
106,413,4028,277,-273,215
-2,598,3963,399,-17,281
77,492,4082,535,36,331
121,563,4077,656,155,291
372,362,4137,882,300,94
427,390,4186,903,234,127
360,444,4141,848,156,128
247,456,4130,900,123,181
73,506,4329,1009,80,333
-77,349,4539,1096,-49,327
-933,858,5423,2035,105,-141
-1223,-1207,6075,-2931,10,-1011
-93,-174,4917,-1219,65,-1134
365,239,4365,-632,581,-630
408,92,4136,-180,245,-120
314,506,4275,-17,-51,157
428,484,4500,201,-87,336
271,426,4621,1080,48,296
178,312,4484,1606,298,353
411,-102,4935,1968,729,542
613,-637,5096,191,-272,494
723,-211,4221,-631,-666,275
562,121,3866,-690,-607,81
639,-148,3903,-424,106,368
432,-257,4339,-179,384,695
197,-357,4532,-54,392,792
16,-421,4772,-146,168,783
-184,-399,4952,-416,-52,735
-329,-368,4971,-559,-15,649
-365,-312,4932,-672,1,512
-200,-372,4926,-694,186,344
-193,-303,4763,-796,183,255
-183,-184,4645,-823,197,29
71,-344,4584,-766,144,-227
173,-306,4444,-838,227,-98
274,-223,4331,-828,286,95
267,-204,4294,-666,401,435
171,-257,4435,-579,314,571
46,-291,4510,-631,275,577
-172,-291,4545,-878,236,475
-287,-81,4416,-1005,381,426
-320,13,4179,-1055,386,244
-160,22,4186,-806,413,-82
-117,26,4158,-731,302,-84
-161,19,4099,-729,213,-57
-209,14,4139,-636,97,-110
-216,-87,4318,-549,-14,-256
-231,-48,4352,-515,18,-409
-189,-6,4311,-495,27,-564
-106,0,4330,-707,-102,-693
-67,-58,4214,-703,-232,-602
-118,117,4139,-666,-225,-493
-121,156,3874,-587,30,-383
57,172,3857,-398,274,-277
85,111,3951,-353,433,-249
-94,137,3883,-490,446,-329
-242,205,3705,-547,315,-378
-86,202,3639,-420,324,-562
155,34,3599,-280,163,-614
111,87,3425,-346,19,-546
24,158,3198,-372,-66,-444
36,115,3162,-238,111,-139
30,81,3200,-213,203,44
-80,63,3191,-230,290,121
-293,111,3085,-238,373,76
-201,80,3068,-183,396,-99
-105,-3,2954,-167,384,-183
13,108,2791,-152,216,-190
33,89,2668,-47,-23,-139
159,58,2676,104,-140,-192
190,63,2731,249,-74,-135
40,-2,3086,401,-118,33
-92,-93,3319,368,-29,89
-78,-104,3549,314,156,73
42,-266,3847,238,260,107
-31,-204,3809,124,254,29
-1,-9,3573,104,37,-108
71,32,3384,358,-55,-224
-61,131,3362,448,-98,-193
-156,175,3360,529,-117,-175
-7,127,3551,693,30,-137
263,100,3960,752,-184,-156
249,30,4072,747,-416,-181
158,-819,4055,1404,-571,-168
-151,186,4863,612,-722,321
-60,-270,4388,-214,-635,15
83,-125,4443,639,-405,-150
179,-62,4378,879,-161,-100
286,48,4074,626,-172,-3
464,212,3930,776,-164,32
502,80,3999,967,-317,116
336,170,4077,1194,-352,185
290,66,4360,1443,-388,153
224,-32,4565,1464,-694,32
107,-30,4650,1354,-699,98
-47,-86,4823,1171,-488,158
-134,-132,4912,908,-97,141
-256,-108,4945,719,61,-30
-274,-36,4857,544,-21,-270
-62,75,4641,480,-412,-428
267,254,4569,646,-376,-230
386,119,4758,855,-178,9
275,11,4866,943,32,197
315,-74,5623,889,-35,129
151,-398,5566,-2958,-281,433
-85,439,6636,-2507,-768,318
-764,128,4408,-52,-432,-554
-144,186,4480,150,-584,-752
426,103,4758,1088,571,-374
247,-204,6022,1070,985,-170
-21,-391,5820,-76,200,-82
-320,-219,5659,-545,-107,-269
-298,28,5159,-887,-72,-395
-192,93,4909,-807,103,-251
-174,32,4805,-739,185,-83
-235,134,4619,-783,173,115
-199,92,4467,-821,219,168
-290,137,4387,-805,263,99
-291,95,4403,-686,288,-84
-209,-118,4558,-616,377,-249
-180,-101,4554,-648,457,-324
-227,-60,4565,-718,344,-330
-38,-121,4508,-736,98,-359
-59,-113,4410,-813,79,-251
-245,40,4228,-873,105,-151
-122,-79,4238,-770,272,-218
-71,-126,4297,-688,342,-237
-109,-97,4270,-682,294,-212
-227,-104,4250,-702,396,-130
-251,-47,4187,-698,350,-166
-242,-159,4245,-689,403,-233
-132,-164,4243,-703,408,-444
-111,-140,4152,-698,350,-472
-154,-42,4056,-678,488,-397
-57,-35,4023,-556,620,-337
241,-175,4091,-426,724,-315
299,-220,4131,-430,581,-306
254,-245,4173,-490,329,-439
222,-298,4240,-537,167,-466
94,-313,4163,-595,97,-473
-44,-242,4009,-692,247,-334
2,-220,3838,-688,377,-262
44,-179,3696,-697,495,-156
6,-139,3564,-668,501,-113
30,-134,3417,-588,408,-182
165,-186,3384,-518,422,-180
216,-251,3338,-472,388,-119
202,-107,2997,-311,248,-32
206,-186,2980,-110,299,63
203,-233,3015,58,385,118
168,-378,3268,232,559,190
-1,-450,3439,165,574,179
-106,-447,3346,13,408,32
-27,-337,3061,-154,272,-134
24,-195,2753,-177,226,-147
164,-164,2569,-65,250,-136
237,-136,2574,182,147,7
50,-61,2580,309,82,92
107,-85,2707,515,155,124
214,-188,2963,761,266,206
90,-265,3381,804,350,297
-8,-281,3569,810,318,262
-78,-295,3753,759,238,178
23,-393,3818,637,-82,-108
105,-384,3712,535,-281,-244
52,-286,3465,473,-376,-271
98,-238,3217,570,2,-75
131,-260,3239,623,216,186
80,-304,3276,655,228,327
2,-80,3503,674,106,459
-110,-50,3817,757,66,395
-170,-312,3980,1150,-141,127
-422,-122,4598,650,-255,500
-176,-433,4169,164,-513,-64
-136,-302,4184,912,-481,-362
-90,-303,4274,832,-756,-486
56,-32,4056,485,-846,-365
97,41,4027,571,-720,-127
-18,100,4076,878,-466,125
-149,-48,4356,981,-222,254
-163,-166,4476,974,-152,295
-221,-138,4522,909,-179,214
-269,-46,4395,703,-418,-45
-119,27,4282,512,-626,-45
-104,-77,4389,407,-974,-31
77,288,4409,414,-1134,66
79,279,4494,623,-886,294
68,266,4620,806,-687,495
182,300,4625,934,-282,637
199,242,4613,988,-258,652
159,300,4538,994,-408,614
216,371,4774,1109,-382,584
72,373,5111,1269,-429,618
-105,360,5172,1072,-513,478
-238,339,5147,822,-730,257
-210,245,5406,732,-707,192
821,-561,6088,-2869,-970,292
-294,-213,5593,-2304,21,650
-855,541,5017,-909,-432,-205
-537,515,4924,258,-758,-751
-390,344,4836,1490,-384,-793
-150,-368,5909,990,679,-440
-339,-341,5594,-254,530,-172
-520,9,5184,-726,123,-416
-453,-18,4915,-1025,-65,-610
-515,51,4773,-1026,44,-474
-538,33,4689,-976,224,-377
-499,-9,4532,-1008,504,-393
-376,-45,4397,-1062,493,-430
-281,49,4262,-1052,681,-339
-241,-34,4214,-859,948,-170
-247,-37,4196,-790,872,-152
-268,-96,4315,-768,761,-192
-325,-156,4389,-816,526,-392
-259,-165,4322,-835,629,-426
-269,-220,4283,-812,807,-337
-178,-219,4299,-779,803,-307
-68,-315,4355,-799,658,-279
-169,-275,4342,-858,529,-281
-242,-192,4212,-879,612,-274
-164,-289,4180,-753,808,-237
-89,-283,4128,-684,747,-222
-168,-275,4091,-658,639,-163
-183,-245,4010,-694,550,-85
-107,-305,4066,-649,682,-4
-125,-303,4097,-627,606,32
-297,-218,4045,-601,467,52
-261,-317,4060,-523,362,-51
-161,-398,4061,-488,185,-169
-210,-259,3837,-479,-73,-251
-271,-210,3677,-418,-59,-311
-355,-213,3621,-342,264,-284
-363,-215,3754,-83,822,-190
-308,-266,3752,-4,1036,-152
-327,-308,3772,-12,1018,-157
-270,-314,3746,-157,723,-262
-175,-211,3454,-250,487,-285
-112,-112,3162,-247,354,-247
-168,-86,2991,-52,397,-156
-196,-98,2902,135,431,-221
-107,-134,2964,307,535,-181
-171,-130,3035,400,747,-33
-179,-228,3188,493,801,27
-146,-221,3286,451,661,-4
-171,-184,3268,388,472,-114
-40,-194,3269,407,339,-252
24,-279,3427,411,357,-238
-17,-292,3488,321,212,-225
-74,-195,3229,175,-21,-269
6,-59,3081,206,0,-285
-52,22,2945,393,81,-303
59,-81,3080,755,200,-318
239,-19,3166,884,124,-273
277,-43,3378,965,-30,-178
-122,-121,3756,860,-573,-164
-210,-114,3923,720,-856,-251
-343,-101,4145,656,-827,-259
-417,-181,4328,699,-286,-256
-190,-48,4409,827,39,-293
36,-242,4408,983,254,-211
152,-233,4225,967,96,-106
95,-39,3893,867,-98,72
130,-19,3939,867,-256,8
254,107,3992,930,-383,-6
50,79,3947,624,-445,366
-114,98,4104,1225,-560,229
-134,28,4390,1394,-210,161
-177,2,4530,1116,73,208
-242,68,4431,901,-18,140
-220,228,4291,749,-286,-55
38,559,4157,716,-680,-189
166,577,4199,768,-799,-84
310,423,4384,852,-908,76
195,313,4809,863,-764,449
17,272,4972,811,-603,567
-46,273,5033,783,-502,550
-149,340,4989,771,-577,365
-237,497,5047,759,-598,218
-350,620,5236,721,-531,104
-353,492,5246,349,-628,-41
-266,-240,5365,-2427,-2414,-286
14,246,4978,-1500,-2101,-536
-188,513,4650,-696,-1143,-480
-33,94,4492,54,-105,-166
-162,131,4477,479,201,19
-386,235,4488,865,690,8
-543,-259,5741,397,414,-47
-911,-337,5972,-668,-300,-189
-1309,-78,5879,-1312,-474,-498
-1130,109,5533,-1666,-576,-1105
-844,67,5148,-1603,-460,-1222
-837,134,4845,-1326,191,-1055
-672,0,4673,-870,1049,-737
-573,-153,4528,-798,1057,-534
-555,-183,4334,-757,917,-409
-656,-93,4100,-813,771,-270
-639,-84,4027,-838,575,-195
-493,-114,4217,-793,461,-199
-450,-252,4387,-791,427,-275
-615,-296,4451,-820,299,-377
-547,-194,4224,-844,298,-664
-449,-205,4148,-711,512,-658
-424,20,3932,-549,289,-586
-317,5,3893,-335,339,-504
-232,-104,3877,-190,388,-429
-171,-191,3802,-208,297,-364
-106,-159,3692,-187,201,-205
-221,-104,3621,-195,13,-252
-376,-61,3505,-132,-274,-296
-387,-92,3595,-23,-182,-200
-413,-168,3682,16,-47,-188
-140,-164,3890,125,201,-244
-75,-301,3961,120,415,-179
-43,-296,3945,-32,417,-190
46,-235,3769,-268,282,-175
91,-76,3549,-283,572,-85
138,-64,3428,-192,676,64
47,-30,3253,-18,398,141
32,45,3203,221,456,168
-62,40,3300,375,500,158
37,-70,3352,332,281,81
181,-220,3405,296,291,150
265,-239,3507,219,162,214
294,-187,3594,111,-152,263
225,34,3414,-63,218,415
211,79,3439,0,457,563
181,89,3517,214,303,571
44,379,3429,444,340,508
261,20,3300,296,307,40
197,60,3308,618,106,291
229,109,3387,839,-53,188
515,33,3463,659,-328,-52
568,53,3392,346,-670,66
524,165,3426,-35,-832,674
338,169,3577,-158,-941,1041
215,148,3596,-21,-1122,1237
271,226,3822,204,-851,1565
-92,234,3898,202,-846,1732
-175,399,3942,431,-811,1605
-61,292,4075,1132,-474,1094
123,-35,4239,1402,-196,704
206,-70,4286,1380,-177,409
156,-70,4296,1188,-399,212
51,-11,4241,1015,-612,87
-81,-10,4298,998,-351,272
-203,60,4420,994,-202,467
-214,168,4841,1047,120,640
-248,194,4981,1001,83,916
-516,268,4983,826,-174,1673
-194,257,4771,452,-459,149
82,193,4501,261,-637,-111
117,305,4340,166,-687,-71
56,480,4188,197,-621,-52
81,408,4211,226,-314,-143
23,489,4115,347,-140,-148
29,372,4161,518,145,-89
60,438,4339,432,218,63
11,394,4594,340,280,171
42,285,4648,204,-122,52
260,325,4548,48,-376,5
341,401,4356,-111,-636,-7
538,458,4203,-78,-654,66
289,-907,5704,-3535,-5204,-994
362,275,4143,-3392,-563,-664
-86,582,4135,-2447,8,-898
265,375,4222,-1173,101,-708
102,22,4247,-429,51,-372
137,35,4225,191,21,-199
274,165,4113,580,-14,19
319,226,4336,892,139,-49
273,178,4346,824,971,196
-34,197,4400,886,2109,565
156,-95,5278,780,1578,425
-132,-77,5228,-50,-71,145
-316,343,4923,-884,-182,-167
-360,663,4468,-864,25,-283
-86,461,4480,-418,504,-283
63,296,4589,10,753,-153
58,109,4599,73,502,-120
140,228,4483,131,290,-131
189,229,4428,168,262,-105
367,7,4534,114,158,-20
318,25,4530,31,155,95
131,205,4423,-4,178,155
179,14,4376,145,370,147
220,-22,4463,126,424,220
140,131,4454,-31,467,309
147,13,4414,-130,447,290
174,-49,4389,-161,574,309
127,-39,4324,-219,615,349
96,65,4107,-162,729,272
167,50,4077,-117,742,252
127,37,4014,-177,453,184
-51,207,3879,-297,367,208
89,61,3947,-247,472,324
138,-31,3976,-196,373,387
254,67,3895,-218,114,381
368,84,3993,-154,37,440
214,84,4113,-107,38,453
3,67,4200,-69,252,353
-21,-52,4403,-59,459,225
-127,-80,4325,-117,604,63
-177,-158,4177,-159,725,-77
-32,-107,4143,-330,798,136
-111,29,4055,-429,718,370
-76,205,3961,-415,519,381
125,144,3992,-311,248,234
72,-65,3977,-274,50,83
0,-137,3887,-286,-203,-77
-50,-190,3795,-321,41,-133
-97,-170,3721,-290,116,-63
-122,-136,3632,-323,140,35
-105,5,3583,-223,214,374
-290,133,3521,-201,134,493
-247,126,3492,-238,84,468
-372,108,3507,-131,78,564
-489,86,3453,-66,184,528
-382,80,3397,37,513,536
-584,180,3327,101,539,599
-607,209,3091,104,-56,475
-396,176,3138,179,-9,451
-346,13,3273,200,62,499
-592,89,3249,65,-397,597
-747,197,3208,-54,-593,582
-854,315,3167,-101,-685,381
-718,343,3155,-206,-662,220
-457,214,3254,-264,-570,306
-318,159,3405,-188,-591,588
-185,97,3667,-173,-734,889
-295,-5,3820,-336,-810,964
-433,-118,4107,-522,-971,1145
-1038,32,4404,-783,-711,1179
-1057,65,4377,-587,-228,610
-857,-47,4441,-312,0,13
-533,-79,4327,-242,39,-431
-310,-144,3961,-313,-67,-675
-214,-151,3742,-416,-225,-1004
-206,-62,3559,-282,-289,-943
-547,171,3912,-137,-17,-389
-842,-2,4310,132,-100,-2
-788,446,4561,177,-441,-20
-201,-563,4386,117,-6,-540
-177,-529,4456,-44,4,-623
-179,-312,4583,-226,-136,-598
-60,-17,4273,-780,-517,-842
167,143,4027,-775,-455,-1216
398,175,3726,-601,-567,-1355
515,80,3679,-217,-734,-828
428,203,3682,-23,-739,-533
323,321,3908,217,-452,-435
-198,368,4573,612,130,-691
-705,242,5411,1002,905,-1154
-372,-884,5571,1661,2657,-1322
1,-813,5505,288,-453,-1351
165,-1844,5514,-3741,-2512,-1419
436,-307,4659,-2553,-1364,-1205
81,-67,4126,-1772,-1314,-1282
248,-347,4497,-1394,-1169,-1205
218,-433,4503,-805,-404,-769
526,-546,4244,-186,64,-316
251,-275,3702,457,414,-67
81,-119,3970,575,-151,-314
3,-516,4309,-76,-1155,-694
217,-663,4275,-809,-1936,-1069
156,-810,4140,-767,-1750,-1138
194,-514,4180,-819,-286,-737
-117,-353,4132,-665,-47,-553
30,-507,3860,-398,-11,-415
223,-217,3932,-69,43,-354
195,-376,4315,-313,23,-341
73,-307,4487,-732,-20,-325
32,-190,4310,-651,-28,-140
268,-199,3943,-38,-40,412
284,-374,4088,-59,-58,493
213,-345,4214,-184,-49,256
203,-324,4259,-5,-17,301
-73,-494,4179,61,14,274
254,-594,4199,121,85,-208
399,-563,4098,208,99,-206
422,-646,4010,298,78,-172
223,-522,4090,252,48,-119
178,-503,4152,237,36,-76
24,-480,4205,221,33,-32
105,-369,4125,265,60,-146
-9,-192,4153,232,64,-146
-136,-119,4151,342,111,-178
74,-345,4133,420,118,-84
100,-343,4150,475,115,-56
412,-312,4102,517,118,-157
410,-388,4082,431,94,-94
487,-423,4082,352,91,-114